{"mean": [6.535846239151615, 1491.5934067378296], "scale": [2.03541416597182, 294.2258217786349]}